data,inputlines,splits,cgrayrec,cgreenrec,cwhiterec,dlsbytes
MS-State County,1441.797619047619,5584.3452380952385,0.44047619047619047,4374.273809523809,4504.797619047619,51701.71428571428
US County,2382.113578680203,8038.294416243655,0.555520304568528,6348.03521573604,6578.393718274112,150577.0152284264
US State,2382.113578680203,8038.294416243655,0.555520304568528,6348.03521573604,6578.393718274112,150577.0152284264
US Cong. Dist,18223.53488372093,85508.97674418605,2.1627906976744184,67383.97674418605,70514.83720930232,611106.7906976744
